id,name,neighbourhood,room_type,property_type,bedrooms,bathrooms,accommodates,price,minimum_nights,number_of_reviews,review_scores_rating,availability_365,amenities_count,host_is_superhost,is_superhost,price_per_person,neigh_avg,is_undervalued
5994,Lovely Studio in Westminster,Westminster,Private room,Studio,1.0,1,2,129.16,3,164,5.0,15,6,t,1,64.58,238.8116222222222,True
5625,Lovely Loft in Tower Hamlets,Tower Hamlets,Entire home/apt,Loft,3.0,2,6,105.43,3,66,5.0,23,5,f,0,17.57166666666667,161.2617610062893,True
5650,Lovely Villa in Islington,Islington,Private room,Studio,2.0,1,4,100.92,3,70,5.0,219,6,f,0,25.23,193.6383903420523,True
1251,Lovely Studio in Greenwich,Greenwich,Shared room,Loft,1.0,3,2,20.0,1,33,5.0,93,10,f,0,10.0,135.88260194174757,True
5471,Lovely Apartment in Lambeth,Lambeth,Shared room,Cottage,2.0,1,4,50.0,7,199,5.0,363,7,t,1,12.5,145.60616252821671,True
5578,Lovely Apartment in Southwark,Southwark,Private room,House,1.0,2,2,107.14,7,131,5.0,356,9,f,0,53.57,168.37651063829787,True
4763,Lovely Villa in Islington,Islington,Private room,Townhouse,1.0,1,2,20.0,3,162,5.0,313,7,f,0,10.0,193.6383903420523,True
4872,Lovely Studio in Greenwich,Greenwich,Private room,Apartment,1.0,1,2,55.74,5,39,5.0,351,10,f,0,27.87,135.88260194174757,True
4857,Lovely House in Greenwich,Greenwich,Private room,Loft,1.0,2,2,20.0,7,85,5.0,180,9,f,0,10.0,135.88260194174757,True
5099,Lovely Studio in Islington,Islington,Private room,Apartment,4.0,1,8,86.11,1,74,5.0,191,5,f,0,10.76375,193.6383903420523,True
4873,Lovely Villa in Westminster,Westminster,Entire home/apt,Apartment,1.0,2,2,172.67,1,216,5.0,231,8,f,0,86.335,238.8116222222222,True
4063,Lovely Townhouse in Camden,Camden,Private room,Loft,1.0,1,2,117.02,7,178,5.0,239,3,t,1,58.51,179.6062203023758,True
4049,Lovely House in Westminster,Westminster,Private room,Villa,1.0,2,2,98.55,1,76,5.0,291,7,f,0,49.275,238.8116222222222,True
4239,Lovely Townhouse in Tower Hamlets,Tower Hamlets,Private room,House,2.0,1,4,87.03,2,186,5.0,54,9,f,0,21.7575,161.2617610062893,True
4208,Lovely Townhouse in Tower Hamlets,Tower Hamlets,Private room,Loft,2.0,1,4,83.94,1,53,5.0,99,3,f,0,20.985,161.2617610062893,True
4403,Lovely Cottage in Westminster,Westminster,Private room,Studio,3.0,1,6,166.94,7,57,5.0,148,6,t,1,27.823333333333334,238.8116222222222,True
4260,Lovely Cottage in Greenwich,Greenwich,Private room,Apartment,1.0,1,2,91.61,1,142,5.0,343,3,t,1,45.805,135.88260194174757,True
1755,Lovely Townhouse in Lambeth,Lambeth,Shared room,Villa,4.0,1,8,100.97,7,161,5.0,245,7,t,1,12.62125,145.60616252821671,True
1807,Lovely Loft in Kensington & Chelsea,Kensington & Chelsea,Private room,House,2.0,2,4,174.62,1,117,5.0,151,10,f,0,43.655,273.91865384615386,True
4541,Lovely Villa in Islington,Islington,Private room,Townhouse,1.0,1,2,120.23,3,140,5.0,218,10,t,1,60.115,193.6383903420523,True
4641,Lovely Cottage in Southwark,Southwark,Private room,Cottage,2.0,1,4,78.46,5,271,5.0,75,5,f,0,19.615,168.37651063829787,True
1897,Lovely Villa in Greenwich,Greenwich,Entire home/apt,Villa,1.0,1,2,72.68,2,209,5.0,22,4,f,0,36.34,135.88260194174757,True
1894,Lovely Villa in Southwark,Southwark,Private room,Villa,3.0,2,6,93.15,2,146,5.0,341,4,t,1,15.525,168.37651063829787,True
3298,Lovely Villa in Kensington & Chelsea,Kensington & Chelsea,Shared room,Villa,1.0,2,2,20.0,5,206,5.0,306,8,f,0,10.0,273.91865384615386,True
3254,Lovely Loft in Hackney,Hackney,Shared room,Cottage,2.0,3,4,32.47,1,159,5.0,311,8,t,1,8.1175,136.16683333333333,True
3227,Lovely House in Camden,Camden,Entire home/apt,Cottage,2.0,1,4,118.49,5,160,5.0,24,3,t,1,29.6225,179.6062203023758,True
1706,Lovely Villa in Greenwich,Greenwich,Private room,House,1.0,1,2,53.73,7,235,5.0,156,6,f,0,26.865,135.88260194174757,True
2031,Lovely Townhouse in Tower Hamlets,Tower Hamlets,Private room,Townhouse,4.0,2,8,103.06,3,189,5.0,190,5,t,1,12.8825,161.2617610062893,True
2752,Lovely Apartment in Kensington & Chelsea,Kensington & Chelsea,Private room,House,3.0,3,6,55.55,1,288,5.0,95,9,f,0,9.258333333333333,273.91865384615386,True
2310,Lovely Apartment in Lambeth,Lambeth,Shared room,Villa,4.0,3,8,83.85,2,63,5.0,231,5,f,0,10.48125,145.60616252821671,True
2296,Lovely Townhouse in Greenwich,Greenwich,Private room,Loft,1.0,2,2,53.28,3,138,5.0,206,4,f,0,26.64,135.88260194174757,True
2276,Lovely Townhouse in Westminster,Westminster,Private room,Loft,4.0,1,8,92.57,2,114,5.0,159,5,f,0,11.57125,238.8116222222222,True
2901,Lovely Townhouse in Southwark,Southwark,Private room,Cottage,3.0,1,6,101.55,2,30,5.0,185,3,t,1,16.925,168.37651063829787,True
2826,Lovely Cottage in Wandsworth,Wandsworth,Private room,Studio,2.0,1,4,68.61,2,115,5.0,238,8,f,0,17.1525,166.59628930817613,True
2965,Lovely Cottage in Camden,Camden,Private room,Villa,2.0,1,4,100.32,1,166,5.0,343,9,f,0,25.08,179.6062203023758,True
3173,Lovely Apartment in Greenwich,Greenwich,Private room,Studio,2.0,1,4,90.82,2,75,5.0,54,4,f,0,22.705,135.88260194174757,True
3071,Lovely Apartment in Westminster,Westminster,Entire home/apt,Studio,1.0,1,2,171.84,1,182,5.0,101,4,f,0,85.92,238.8116222222222,True
2361,Lovely Apartment in Westminster,Westminster,Private room,House,1.0,2,2,78.32,2,17,5.0,24,6,f,0,39.16,238.8116222222222,True
2359,Lovely Cottage in Tower Hamlets,Tower Hamlets,Private room,House,1.0,3,2,67.84,2,216,5.0,207,7,f,0,33.92,161.2617610062893,True
2477,Lovely Cottage in Wandsworth,Wandsworth,Shared room,Apartment,1.0,1,2,30.97,1,58,5.0,350,6,f,0,15.485,166.59628930817613,True
2415,Lovely Studio in Hackney,Hackney,Private room,Loft,1.0,1,2,62.75,2,64,5.0,15,7,f,0,31.375,136.16683333333333,True
4453,Lovely Cottage in Greenwich,Greenwich,Private room,Loft,2.0,2,4,83.16,1,80,4.9,173,3,f,0,20.79,135.88260194174757,True
4461,Lovely Cottage in Hackney,Hackney,Shared room,Loft,1.0,2,2,80.4,7,226,4.9,103,5,f,0,40.2,136.16683333333333,True
4644,Lovely House in Camden,Camden,Private room,Apartment,1.0,1,2,85.26,1,101,4.9,344,4,t,1,42.63,179.6062203023758,True
4800,Lovely Villa in Wandsworth,Wandsworth,Private room,House,2.0,1,4,119.35,7,285,4.9,131,4,t,1,29.8375,166.59628930817613,True
1340,Lovely Loft in Southwark,Southwark,Private room,Villa,1.0,1,2,53.59,1,25,4.9,241,4,f,0,26.795,168.37651063829787,True
1480,Lovely Loft in Camden,Camden,Private room,Loft,2.0,2,4,81.05,1,166,4.9,205,3,f,0,20.2625,179.6062203023758,True
4828,Lovely House in Camden,Camden,Shared room,House,3.0,1,6,51.22,5,279,4.9,245,3,f,0,8.536666666666667,179.6062203023758,True
5247,Lovely Villa in Tower Hamlets,Tower Hamlets,Private room,Studio,1.0,1,2,114.11,2,247,4.9,63,6,f,0,57.055,161.2617610062893,True
5129,Lovely Studio in Tower Hamlets,Tower Hamlets,Private room,House,2.0,1,4,59.98,1,287,4.9,132,8,f,0,14.995,161.2617610062893,True
4879,Lovely Loft in Hackney,Hackney,Shared room,Studio,1.0,1,2,33.0,7,116,4.9,3,7,f,0,16.5,136.16683333333333,True
5305,Lovely Townhouse in Southwark,Southwark,Private room,Apartment,4.0,2,8,83.84,5,41,4.9,239,3,f,0,10.48,168.37651063829787,True
5334,Lovely Apartment in Camden,Camden,Private room,Cottage,3.0,1,6,62.56,3,92,4.9,305,8,f,0,10.426666666666668,179.6062203023758,True
1298,Lovely Villa in Greenwich,Greenwich,Private room,Villa,1.0,2,2,86.56,2,145,4.9,194,3,f,0,43.28,135.88260194174757,True
1331,Lovely House in Lambeth,Lambeth,Private room,Apartment,1.0,3,2,77.9,5,24,4.9,359,5,f,0,38.95,145.60616252821671,True
1032,Lovely Cottage in Camden,Camden,Private room,Cottage,2.0,2,4,126.67,1,167,4.9,301,6,t,1,31.6675,179.6062203023758,True
5144,Lovely Cottage in Islington,Islington,Private room,Villa,3.0,1,6,123.7,3,288,4.9,260,8,f,0,20.616666666666667,193.6383903420523,True
1035,Lovely Cottage in Tower Hamlets,Tower Hamlets,Entire home/apt,Studio,2.0,2,4,96.74,1,285,4.9,99,8,t,1,24.185,161.2617610062893,True
5917,Lovely Loft in Camden,Camden,Shared room,House,2.0,1,4,81.28,1,55,4.9,329,10,f,0,20.32,179.6062203023758,True
3519,Lovely Loft in Camden,Camden,Shared room,Villa,2.0,3,4,100.51,1,279,4.9,117,9,t,1,25.1275,179.6062203023758,True
1866,Lovely Cottage in Wandsworth,Wandsworth,Private room,House,2.0,1,4,118.69,1,204,4.9,226,6,f,0,29.6725,166.59628930817613,True
3596,Lovely Townhouse in Kensington & Chelsea,Kensington & Chelsea,Private room,Studio,1.0,1,2,55.73,7,233,4.9,146,4,f,0,27.865,273.91865384615386,True
3554,Lovely Studio in Lambeth,Lambeth,Private room,House,3.0,2,6,102.71,2,197,4.9,336,7,f,0,17.118333333333332,145.60616252821671,True
3608,Lovely Villa in Wandsworth,Wandsworth,Private room,Townhouse,2.0,2,4,109.45,3,88,4.9,280,10,f,0,27.3625,166.59628930817613,True
3675,Lovely Cottage in Tower Hamlets,Tower Hamlets,Private room,Villa,4.0,1,8,108.81,1,145,4.9,132,10,f,0,13.60125,161.2617610062893,True
3733,Lovely Loft in Hackney,Hackney,Private room,Loft,1.0,1,2,77.34,2,50,4.9,1,3,f,0,38.67,136.16683333333333,True
3693,Lovely Apartment in Southwark,Southwark,Private room,Townhouse,2.0,2,4,71.5,2,266,4.9,281,5,f,0,17.875,168.37651063829787,True
3862,Lovely Studio in Lambeth,Lambeth,Private room,Cottage,2.0,2,4,63.18,3,277,4.9,153,4,f,0,15.795,145.60616252821671,True
3928,Lovely Studio in Kensington & Chelsea,Kensington & Chelsea,Private room,Loft,1.0,1,2,101.13,3,236,4.9,307,6,f,0,50.565,273.91865384615386,True
3797,Lovely Loft in Hackney,Hackney,Private room,Cottage,2.0,2,4,35.39,3,170,4.9,51,4,t,1,8.8475,136.16683333333333,True
3803,Lovely Cottage in Islington,Islington,Private room,Loft,4.0,2,8,106.44,5,280,4.9,27,5,f,0,13.305,193.6383903420523,True
4269,Lovely Studio in Kensington & Chelsea,Kensington & Chelsea,Private room,Loft,1.0,1,2,105.6,1,154,4.9,53,10,f,0,52.8,273.91865384615386,True
1610,Lovely Townhouse in Islington,Islington,Shared room,House,3.0,1,6,29.02,1,152,4.9,344,10,f,0,4.836666666666667,193.6383903420523,True
1565,Lovely Loft in Islington,Islington,Shared room,Apartment,5.0,1,10,100.29,2,232,4.9,92,7,f,0,10.029,193.6383903420523,True
1508,Lovely Cottage in Kensington & Chelsea,Kensington & Chelsea,Shared room,Apartment,1.0,3,2,192.19,2,116,4.9,34,6,f,0,96.095,273.91865384615386,True
4581,Lovely Apartment in Tower Hamlets,Tower Hamlets,Entire home/apt,Villa,1.0,1,2,65.77,2,215,4.9,353,10,f,0,32.885,161.2617610062893,True
4582,Lovely Apartment in Lambeth,Lambeth,Shared room,Loft,3.0,1,6,74.24,1,186,4.9,57,8,t,1,12.373333333333333,145.60616252821671,True
4445,Lovely Villa in Wandsworth,Wandsworth,Private room,Apartment,1.0,1,2,91.85,2,255,4.9,184,7,f,0,45.925,166.59628930817613,True
4421,Lovely Loft in Southwark,Southwark,Private room,Loft,1.0,2,2,81.18,7,216,4.9,127,7,f,0,40.59,168.37651063829787,True
2968,Lovely Villa in Greenwich,Greenwich,Private room,Apartment,1.0,1,2,41.92,5,179,4.9,20,9,f,0,20.96,135.88260194174757,True
2986,Lovely Studio in Westminster,Westminster,Private room,Cottage,2.0,1,4,130.9,1,56,4.9,169,9,t,1,32.725,238.8116222222222,True
2958,Lovely Studio in Tower Hamlets,Tower Hamlets,Private room,Apartment,1.0,2,2,46.34,1,51,4.9,349,8,t,1,23.17,161.2617610062893,True
3068,Lovely Apartment in Hackney,Hackney,Private room,Villa,1.0,2,2,80.31,3,268,4.9,163,5,f,0,40.155,136.16683333333333,True
1961,Lovely Villa in Greenwich,Greenwich,Private room,Apartment,2.0,1,4,94.72,3,168,4.9,133,3,f,0,23.68,135.88260194174757,True
1951,Lovely Cottage in Kensington & Chelsea,Kensington & Chelsea,Private room,Loft,5.0,1,10,140.9,5,205,4.9,122,6,f,0,14.09,273.91865384615386,True
3134,Lovely Cottage in Islington,Islington,Private room,House,2.0,1,4,131.53,3,275,4.9,51,10,f,0,32.8825,193.6383903420523,True
3347,Lovely Apartment in Lambeth,Lambeth,Private room,Villa,2.0,3,4,69.59,1,100,4.9,284,4,f,0,17.3975,145.60616252821671,True
3074,Lovely Loft in Southwark,Southwark,Private room,Villa,1.0,2,2,62.42,1,20,4.9,96,4,f,0,31.21,168.37651063829787,True
3427,Lovely Cottage in Hackney,Hackney,Private room,Cottage,1.0,2,2,35.22,2,254,4.9,4,8,f,0,17.61,136.16683333333333,True
3371,Lovely Villa in Islington,Islington,Entire home/apt,Loft,1.0,2,2,138.59,2,72,4.9,354,4,f,0,69.295,193.6383903420523,True
3348,Lovely Apartment in Islington,Islington,Shared room,Cottage,1.0,2,2,80.42,1,223,4.9,356,9,f,0,40.21,193.6383903420523,True
2037,Lovely Apartment in Kensington & Chelsea,Kensington & Chelsea,Private room,Townhouse,1.0,2,2,194.89,2,20,4.9,312,3,t,1,97.445,273.91865384615386,True
2053,Lovely Apartment in Lambeth,Lambeth,Private room,Studio,3.0,1,6,108.0,1,88,4.9,278,3,f,0,18.0,145.60616252821671,True
2158,Lovely Cottage in Hackney,Hackney,Private room,Loft,2.0,1,4,88.45,3,264,4.9,270,10,f,0,22.1125,136.16683333333333,True
2180,Lovely Townhouse in Lambeth,Lambeth,Private room,House,2.0,1,4,59.85,1,241,4.9,310,5,f,0,14.9625,145.60616252821671,True
2838,Lovely Villa in Camden,Camden,Private room,Townhouse,1.0,1,2,118.64,2,196,4.9,358,10,f,0,59.32,179.6062203023758,True
2860,Lovely House in Islington,Islington,Private room,Villa,1.0,3,2,80.5,3,222,4.9,54,8,f,0,40.25,193.6383903420523,True
2882,Lovely Villa in Lambeth,Lambeth,Entire home/apt,Studio,2.0,2,4,88.82,3,67,4.9,2,8,f,0,22.205,145.60616252821671,True
2917,Lovely Townhouse in Greenwich,Greenwich,Private room,Townhouse,1.0,1,2,60.87,3,217,4.9,102,4,t,1,30.435,135.88260194174757,True
3003,Lovely Townhouse in Lambeth,Lambeth,Private room,Studio,1.0,1,2,75.47,1,60,4.9,33,7,t,1,37.735,145.60616252821671,True
2690,Lovely Loft in Tower Hamlets,Tower Hamlets,Shared room,Townhouse,1.0,2,2,57.45,3,228,4.9,172,6,f,0,28.725,161.2617610062893,True
2761,Lovely Townhouse in Westminster,Westminster,Private room,Cottage,1.0,1,2,88.52,1,237,4.9,90,7,f,0,44.26,238.8116222222222,True
2665,Lovely Apartment in Wandsworth,Wandsworth,Entire home/apt,Villa,1.0,1,2,109.32,5,178,4.9,344,10,f,0,54.66,166.59628930817613,True
2681,Lovely Villa in Westminster,Westminster,Private room,Apartment,3.0,3,6,132.72,7,243,4.9,283,5,f,0,22.12,238.8116222222222,True
2796,Lovely House in Lambeth,Lambeth,Private room,Cottage,1.0,1,2,65.53,1,265,4.9,71,10,f,0,32.765,145.60616252821671,True
2034,Lovely Loft in Kensington & Chelsea,Kensington & Chelsea,Private room,Cottage,1.0,1,2,130.91,3,78,4.9,222,7,t,1,65.455,273.91865384615386,True
2035,Lovely Studio in Tower Hamlets,Tower Hamlets,Private room,Loft,1.0,1,2,67.31,5,250,4.9,306,8,t,1,33.655,161.2617610062893,True
2200,Lovely House in Hackney,Hackney,Private room,Loft,1.0,1,2,90.08,1,97,4.9,222,3,f,0,45.04,136.16683333333333,True
2215,Lovely Cottage in Greenwich,Greenwich,Private room,Cottage,1.0,2,2,79.5,1,129,4.9,87,10,f,0,39.75,135.88260194174757,True
2254,Lovely Studio in Tower Hamlets,Tower Hamlets,Private room,Cottage,2.0,1,4,79.15,2,181,4.9,188,8,f,0,19.7875,161.2617610062893,True
2666,Lovely Cottage in Westminster,Westminster,Private room,Studio,3.0,1,6,125.11,1,67,4.9,71,7,f,0,20.851666666666667,238.8116222222222,True
2557,Lovely Cottage in Westminster,Westminster,Private room,Villa,2.0,1,4,174.03,7,288,4.9,281,9,f,0,43.5075,238.8116222222222,True
2570,Lovely Loft in Westminster,Westminster,Private room,Townhouse,3.0,1,6,65.71,2,209,4.9,219,6,t,1,10.951666666666666,238.8116222222222,True
2639,Lovely Apartment in Hackney,Hackney,Private room,Apartment,1.0,1,2,71.95,2,122,4.9,140,3,f,0,35.975,136.16683333333333,True
2193,Lovely Apartment in Greenwich,Greenwich,Entire home/apt,Cottage,1.0,1,2,77.6,2,88,4.9,189,10,f,0,38.8,135.88260194174757,True
5845,Lovely Apartment in Hackney,Hackney,Private room,House,1.0,1,2,78.34,2,188,4.9,272,3,t,1,39.17,136.16683333333333,True
5811,Lovely Cottage in Kensington & Chelsea,Kensington & Chelsea,Private room,Apartment,2.0,1,4,112.06,7,118,4.9,239,8,f,0,28.015,273.91865384615386,True
5737,Lovely Studio in Tower Hamlets,Tower Hamlets,Private room,Loft,2.0,1,4,63.42,2,54,4.9,357,4,t,1,15.855,161.2617610062893,True
5727,Lovely Apartment in Southwark,Southwark,Entire home/apt,House,1.0,1,2,123.75,2,98,4.9,86,9,f,0,61.875,168.37651063829787,True
5698,Lovely Townhouse in Lambeth,Lambeth,Private room,Apartment,1.0,1,2,81.75,2,169,4.9,347,7,t,1,40.875,145.60616252821671,True
1096,Lovely Apartment in Tower Hamlets,Tower Hamlets,Private room,Townhouse,1.0,1,2,101.37,7,10,4.9,58,4,f,0,50.685,161.2617610062893,True
1077,Lovely House in Southwark,Southwark,Private room,Loft,1.0,1,2,120.58,5,54,4.9,54,10,t,1,60.29,168.37651063829787,True
1054,Lovely Apartment in Greenwich,Greenwich,Private room,House,2.0,1,4,87.25,5,106,4.9,7,7,f,0,21.8125,135.88260194174757,True
1045,Lovely Villa in Camden,Camden,Private room,Apartment,2.0,1,4,107.06,2,285,4.8,238,7,t,1,26.765,179.6062203023758,True
5518,Lovely House in Southwark,Southwark,Private room,Apartment,2.0,1,4,40.31,5,188,4.8,136,9,f,0,10.0775,168.37651063829787,True
1046,Lovely Apartment in Tower Hamlets,Tower Hamlets,Private room,Studio,1.0,2,2,45.21,1,176,4.8,310,4,f,0,22.605,161.2617610062893,True
1310,Lovely Townhouse in Lambeth,Lambeth,Private room,Townhouse,1.0,1,2,108.66,3,292,4.8,206,9,f,0,54.33,145.60616252821671,True
1304,Lovely Villa in Kensington & Chelsea,Kensington & Chelsea,Private room,House,1.0,1,2,46.79,2,210,4.8,196,5,f,0,23.395,273.91865384615386,True
5969,Lovely Villa in Lambeth,Lambeth,Private room,Villa,1.0,3,2,108.52,3,154,4.8,365,7,f,0,54.26,145.60616252821671,True
5961,Lovely House in Greenwich,Greenwich,Private room,Apartment,1.0,1,2,91.93,1,80,4.8,362,7,f,0,45.965,135.88260194174757,True
2303,Lovely House in Westminster,Westminster,Private room,House,2.0,1,4,167.09,1,273,4.8,313,6,f,0,41.7725,238.8116222222222,True
2298,Lovely Loft in Islington,Islington,Private room,Loft,2.0,1,4,106.3,5,97,4.8,139,6,t,1,26.575,193.6383903420523,True
1033,Lovely Townhouse in Camden,Camden,Private room,Loft,1.0,2,2,50.28,3,92,4.8,113,4,f,0,25.14,179.6062203023758,True
4653,Lovely Cottage in Hackney,Hackney,Shared room,Loft,2.0,2,4,67.75,5,267,4.8,326,7,f,0,16.9375,136.16683333333333,True
4669,Lovely Studio in Greenwich,Greenwich,Private room,Cottage,1.0,3,2,51.02,3,128,4.8,344,8,t,1,25.51,135.88260194174757,True
4792,Lovely Cottage in Wandsworth,Wandsworth,Private room,House,4.0,1,8,120.95,5,37,4.8,41,7,f,0,15.11875,166.59628930817613,True
2504,Lovely Villa in Tower Hamlets,Tower Hamlets,Private room,Apartment,1.0,1,2,75.42,7,246,4.8,182,10,f,0,37.71,161.2617610062893,True
2589,Lovely Loft in Islington,Islington,Shared room,Loft,2.0,3,4,89.09,3,156,4.8,119,6,t,1,22.2725,193.6383903420523,True
5878,Lovely Loft in Lambeth,Lambeth,Private room,Townhouse,2.0,1,4,56.35,1,162,4.8,199,10,f,0,14.0875,145.60616252821671,True
5758,Lovely Studio in Lambeth,Lambeth,Hotel room,Apartment,1.0,2,2,83.91,1,252,4.8,58,8,f,0,41.955,145.60616252821671,True
2466,Lovely Loft in Southwark,Southwark,Entire home/apt,Loft,1.0,1,2,120.86,7,108,4.8,43,9,f,0,60.43,168.37651063829787,True
2742,Lovely House in Wandsworth,Wandsworth,Private room,Villa,1.0,1,2,115.36,5,32,4.8,324,10,f,0,57.68,166.59628930817613,True
2629,Lovely Studio in Wandsworth,Wandsworth,Private room,Villa,2.0,1,4,89.5,3,39,4.8,12,7,f,0,22.375,166.59628930817613,True
3281,Lovely Villa in Greenwich,Greenwich,Shared room,Townhouse,3.0,1,6,98.21,1,282,4.8,62,7,t,1,16.368333333333332,135.88260194174757,True
3204,Lovely Apartment in Greenwich,Greenwich,Shared room,Studio,4.0,1,8,92.36,1,127,4.8,23,10,f,0,11.545,135.88260194174757,True
3180,Lovely Studio in Islington,Islington,Private room,Loft,5.0,2,10,143.43,5,265,4.8,47,9,f,0,14.343,193.6383903420523,True
1572,Lovely Villa in Southwark,Southwark,Private room,Villa,2.0,1,4,112.75,1,186,4.8,275,8,t,1,28.1875,168.37651063829787,True
1901,Lovely Villa in Hackney,Hackney,Private room,Loft,3.0,1,6,101.42,2,280,4.8,27,7,f,0,16.903333333333332,136.16683333333333,True
1403,Lovely Studio in Wandsworth,Wandsworth,Private room,Townhouse,2.0,1,4,69.62,1,145,4.8,8,7,t,1,17.405,166.59628930817613,True
2937,Lovely Loft in Islington,Islington,Private room,Studio,3.0,1,6,102.85,2,72,4.8,101,8,t,1,17.141666666666666,193.6383903420523,True
1554,Lovely Loft in Southwark,Southwark,Shared room,Studio,2.0,1,4,84.74,2,249,4.8,262,10,f,0,21.185,168.37651063829787,True
2989,Lovely Townhouse in Hackney,Hackney,Hotel room,Cottage,1.0,2,2,76.93,5,113,4.8,318,9,f,0,38.465,136.16683333333333,True
2961,Lovely Townhouse in Southwark,Southwark,Private room,Studio,2.0,1,4,102.35,1,12,4.8,184,4,f,0,25.5875,168.37651063829787,True
4526,Lovely Studio in Lambeth,Lambeth,Private room,Studio,3.0,1,6,106.16,5,297,4.8,160,8,t,1,17.69333333333333,145.60616252821671,True
4335,Lovely Townhouse in Tower Hamlets,Tower Hamlets,Private room,Villa,3.0,2,6,105.09,5,21,4.8,159,5,f,0,17.515,161.2617610062893,True
4366,Lovely Cottage in Hackney,Hackney,Private room,Apartment,2.0,1,4,100.22,7,50,4.8,112,7,f,0,25.055,136.16683333333333,True
4402,Lovely Studio in Westminster,Westminster,Private room,Cottage,2.0,1,4,20.0,3,284,4.8,276,10,f,0,5.0,238.8116222222222,True
4483,Lovely Cottage in Westminster,Westminster,Private room,Townhouse,1.0,1,2,71.75,3,135,4.8,64,8,f,0,35.875,238.8116222222222,True
2161,Lovely House in Kensington & Chelsea,Kensington & Chelsea,Hotel room,Loft,2.0,2,4,204.08,5,194,4.8,333,6,t,1,51.02,273.91865384615386,True
2800,Lovely Cottage in Westminster,Westminster,Private room,Villa,3.0,2,6,97.67,5,59,4.8,147,3,f,0,16.278333333333332,238.8116222222222,True
5454,Lovely House in Tower Hamlets,Tower Hamlets,Entire home/apt,Townhouse,1.0,1,2,114.87,1,174,4.8,217,3,f,0,57.435,161.2617610062893,True
5404,Lovely Townhouse in Greenwich,Greenwich,Shared room,Townhouse,3.0,1,6,48.01,5,33,4.8,262,6,t,1,8.001666666666667,135.88260194174757,True
3578,Lovely Villa in Westminster,Westminster,Private room,Villa,1.0,1,2,137.3,1,113,4.8,108,3,t,1,68.65,238.8116222222222,True
3583,Lovely Studio in Tower Hamlets,Tower Hamlets,Private room,Studio,2.0,1,4,77.08,3,264,4.8,69,6,t,1,19.27,161.2617610062893,True
3671,Lovely House in Tower Hamlets,Tower Hamlets,Shared room,Townhouse,1.0,2,2,76.04,5,73,4.8,151,7,f,0,38.02,161.2617610062893,True
3676,Lovely Townhouse in Wandsworth,Wandsworth,Private room,Loft,1.0,2,2,117.54,1,97,4.8,18,10,f,0,58.77,166.59628930817613,True
3681,Lovely Loft in Lambeth,Lambeth,Shared room,Loft,2.0,3,4,38.67,1,23,4.8,205,9,t,1,9.6675,145.60616252821671,True
3680,Lovely Studio in Hackney,Hackney,Private room,Cottage,1.0,1,2,63.62,2,46,4.8,249,8,f,0,31.81,136.16683333333333,True
4876,Lovely Loft in Southwark,Southwark,Private room,Loft,1.0,1,2,58.03,2,270,4.8,356,8,f,0,29.015,168.37651063829787,True
3725,Lovely Villa in Greenwich,Greenwich,Private room,House,1.0,2,2,41.33,1,108,4.8,31,9,f,0,20.665,135.88260194174757,True
4885,Lovely Cottage in Lambeth,Lambeth,Entire home/apt,House,1.0,1,2,92.02,1,25,4.8,87,8,f,0,46.01,145.60616252821671,True
5883,Lovely Townhouse in Southwark,Southwark,Private room,Loft,1.0,2,2,125.13,1,260,4.8,217,9,f,0,62.565,168.37651063829787,True
5678,Lovely House in Greenwich,Greenwich,Private room,Loft,1.0,1,2,88.41,2,106,4.8,117,4,f,0,44.205,135.88260194174757,True
5666,Lovely Cottage in Hackney,Hackney,Private room,Studio,1.0,1,2,30.03,1,138,4.8,56,9,t,1,15.015,136.16683333333333,True
5658,Lovely Apartment in Southwark,Southwark,Shared room,Loft,4.0,1,8,98.49,3,101,4.8,237,8,f,0,12.31125,168.37651063829787,True
5563,Lovely Townhouse in Westminster,Westminster,Shared room,House,2.0,3,4,48.8,3,269,4.8,129,5,t,1,12.2,238.8116222222222,True
5693,Lovely Apartment in Tower Hamlets,Tower Hamlets,Entire home/apt,Cottage,2.0,2,4,100.89,3,66,4.8,51,4,t,1,25.2225,161.2617610062893,True
1168,Lovely Villa in Islington,Islington,Private room,Loft,2.0,1,4,85.47,3,85,4.8,13,4,f,0,21.3675,193.6383903420523,True
2331,Lovely Villa in Hackney,Hackney,Private room,Apartment,2.0,2,4,44.64,5,228,4.8,218,10,f,0,11.16,136.16683333333333,True
3772,Lovely Cottage in Islington,Islington,Private room,Cottage,3.0,1,6,64.11,1,223,4.8,17,10,f,0,10.685,193.6383903420523,True
3547,Lovely Cottage in Kensington & Chelsea,Kensington & Chelsea,Private room,Villa,5.0,3,10,124.86,5,147,4.8,42,9,f,0,12.486,273.91865384615386,True
3274,Lovely Cottage in Islington,Islington,Shared room,Townhouse,1.0,1,2,20.86,1,60,4.8,350,6,f,0,10.43,193.6383903420523,True
4252,Lovely Studio in Westminster,Westminster,Private room,Apartment,1.0,1,2,70.64,1,245,4.8,20,6,f,0,35.32,238.8116222222222,True
2900,Lovely Villa in Hackney,Hackney,Private room,Cottage,5.0,1,10,79.13,7,171,4.8,23,7,f,0,7.912999999999999,136.16683333333333,True
5151,Lovely Loft in Kensington & Chelsea,Kensington & Chelsea,Private room,Villa,1.0,1,2,105.9,1,16,4.8,212,3,t,1,52.95,273.91865384615386,True
5026,Lovely Villa in Kensington & Chelsea,Kensington & Chelsea,Private room,Studio,1.0,1,2,116.75,1,168,4.8,263,5,f,0,58.375,273.91865384615386,True
3451,Lovely Studio in Hackney,Hackney,Private room,Apartment,1.0,1,2,86.43,2,116,4.8,249,4,f,0,43.215,136.16683333333333,True
3128,Lovely Villa in Hackney,Hackney,Private room,Villa,1.0,1,2,60.85,1,92,4.8,98,8,f,0,30.425,136.16683333333333,True
3747,Lovely Townhouse in Westminster,Westminster,Private room,Apartment,2.0,2,4,106.25,2,27,4.8,227,10,t,1,26.5625,238.8116222222222,True
3744,Lovely House in Tower Hamlets,Tower Hamlets,Private room,Apartment,2.0,2,4,110.22,2,184,4.8,337,3,f,0,27.555,161.2617610062893,True
1187,Lovely Cottage in Southwark,Southwark,Private room,Loft,1.0,2,2,76.05,5,258,4.8,100,5,f,0,38.025,168.37651063829787,True
1241,Lovely Cottage in Tower Hamlets,Tower Hamlets,Private room,Villa,5.0,2,10,89.9,1,159,4.8,103,3,t,1,8.99,161.2617610062893,True
2367,Lovely House in Southwark,Southwark,Private room,House,1.0,1,2,20.0,7,175,4.8,268,3,t,1,10.0,168.37651063829787,True
5892,Lovely Apartment in Tower Hamlets,Tower Hamlets,Private room,Apartment,1.0,2,2,85.2,1,22,4.8,96,4,t,1,42.6,161.2617610062893,True
3320,Lovely Villa in Wandsworth,Wandsworth,Private room,Cottage,2.0,2,4,102.97,1,30,4.8,228,4,t,1,25.7425,166.59628930817613,True
4199,Lovely Villa in Wandsworth,Wandsworth,Shared room,Loft,2.0,1,4,76.38,7,145,4.8,285,6,f,0,19.095,166.59628930817613,True
4089,Lovely House in Greenwich,Greenwich,Private room,Studio,2.0,2,4,67.79,3,219,4.8,185,7,f,0,16.9475,135.88260194174757,True
3537,Lovely Studio in Hackney,Hackney,Private room,House,2.0,2,4,66.73,2,173,4.8,248,3,f,0,16.6825,136.16683333333333,True
3563,Lovely Townhouse in Greenwich,Greenwich,Private room,Townhouse,1.0,1,2,66.08,5,296,4.8,123,9,f,0,33.04,135.88260194174757,True
1847,Lovely Villa in Wandsworth,Wandsworth,Shared room,Townhouse,1.0,3,2,57.75,3,156,4.8,303,10,f,0,28.875,166.59628930817613,True
4013,Lovely Apartment in Lambeth,Lambeth,Shared room,Cottage,2.0,1,4,74.82,2,60,4.8,41,8,f,0,18.705,145.60616252821671,True
2285,Lovely House in Tower Hamlets,Tower Hamlets,Private room,Cottage,2.0,3,4,94.78,7,21,4.7,270,5,t,1,23.695,161.2617610062893,True
5346,Lovely Townhouse in Tower Hamlets,Tower Hamlets,Private room,Villa,1.0,1,2,30.88,3,248,4.7,7,9,t,1,15.44,161.2617610062893,True
2462,Lovely Loft in Southwark,Southwark,Private room,Cottage,2.0,3,4,107.82,1,107,4.7,25,5,f,0,26.955,168.37651063829787,True
2475,Lovely Villa in Wandsworth,Wandsworth,Private room,Villa,2.0,1,4,93.18,1,84,4.7,80,5,f,0,23.295,166.59628930817613,True
1354,Lovely Townhouse in Hackney,Hackney,Private room,Loft,2.0,1,4,53.73,2,20,4.7,280,5,f,0,13.4325,136.16683333333333,True
2483,Lovely Villa in Greenwich,Greenwich,Private room,Studio,2.0,2,4,88.59,1,47,4.7,74,4,f,0,22.1475,135.88260194174757,True
2517,Lovely Loft in Wandsworth,Wandsworth,Shared room,Studio,2.0,2,4,81.43,2,27,4.7,86,3,f,0,20.3575,166.59628930817613,True
2553,Lovely Villa in Lambeth,Lambeth,Shared room,Cottage,1.0,1,2,31.81,1,101,4.7,313,3,f,0,15.905,145.60616252821671,True
2560,Lovely House in Camden,Camden,Private room,House,1.0,2,2,112.57,3,201,4.7,221,8,f,0,56.285,179.6062203023758,True
5949,Lovely Townhouse in Hackney,Hackney,Private room,Loft,1.0,2,2,92.8,2,284,4.7,41,10,f,0,46.4,136.16683333333333,True
5919,Lovely Villa in Wandsworth,Wandsworth,Private room,Cottage,2.0,1,4,118.89,2,48,4.7,59,5,t,1,29.7225,166.59628930817613,True
1037,Lovely Studio in Wandsworth,Wandsworth,Private room,House,1.0,3,2,109.13,7,143,4.7,8,7,f,0,54.565,166.59628930817613,True
2202,Lovely Townhouse in Greenwich,Greenwich,Hotel room,House,2.0,2,2,70.35,1,106,4.7,133,8,f,0,35.175,135.88260194174757,True
2628,Lovely Studio in Kensington & Chelsea,Kensington & Chelsea,Entire home/apt,Apartment,2.0,2,4,203.86,2,87,4.7,104,3,t,1,50.965,273.91865384615386,True
5793,Lovely Cottage in Kensington & Chelsea,Kensington & Chelsea,Private room,Loft,3.0,1,6,190.22,1,26,4.7,290,8,t,1,31.703333333333333,273.91865384615386,True
5803,Lovely Loft in Southwark,Southwark,Private room,Villa,2.0,1,4,90.13,3,23,4.7,217,5,f,0,22.5325,168.37651063829787,True
5864,Lovely Townhouse in Islington,Islington,Private room,Loft,3.0,3,6,122.79,3,140,4.7,226,8,f,0,20.465,193.6383903420523,True
4694,Lovely Apartment in Kensington & Chelsea,Kensington & Chelsea,Hotel room,House,3.0,2,6,173.48,7,75,4.7,244,3,t,1,28.91333333333333,273.91865384615386,True
4629,Lovely Apartment in Southwark,Southwark,Private room,Loft,3.0,1,6,92.08,1,11,4.7,342,3,f,0,15.346666666666666,168.37651063829787,True
4275,Lovely Apartment in Islington,Islington,Entire home/apt,Studio,1.0,1,2,132.56,1,119,4.7,317,10,f,0,66.28,193.6383903420523,True
4264,Lovely Villa in Southwark,Southwark,Private room,Loft,1.0,1,2,90.76,1,99,4.7,166,6,f,0,45.38,168.37651063829787,True
1388,Lovely Apartment in Camden,Camden,Private room,Villa,2.0,3,4,129.51,2,14,4.7,0,4,f,0,32.3775,179.6062203023758,True
4580,Lovely Studio in Kensington & Chelsea,Kensington & Chelsea,Private room,Loft,2.0,1,4,92.58,2,72,4.7,184,8,f,0,23.145,273.91865384615386,True
1474,Lovely House in Islington,Islington,Private room,Studio,1.0,1,2,103.9,7,86,4.7,117,7,t,1,51.95,193.6383903420523,True
2919,Lovely Cottage in Greenwich,Greenwich,Private room,Villa,1.0,1,2,89.12,3,152,4.7,274,5,f,0,44.56,135.88260194174757,True
3996,Lovely Cottage in Greenwich,Greenwich,Hotel room,Apartment,1.0,2,2,89.59,2,188,4.7,320,8,t,1,44.795,135.88260194174757,True
3983,Lovely House in Lambeth,Lambeth,Shared room,Villa,1.0,2,2,73.05,1,166,4.7,122,5,f,0,36.525,145.60616252821671,True
3939,Lovely Villa in Southwark,Southwark,Private room,Loft,1.0,1,2,102.3,2,221,4.7,267,9,t,1,51.15,168.37651063829787,True
4231,Lovely Cottage in Southwark,Southwark,Shared room,House,1.0,1,2,20.0,2,57,4.7,54,4,f,0,10.0,168.37651063829787,True
1879,Lovely Villa in Kensington & Chelsea,Kensington & Chelsea,Private room,Studio,1.0,2,2,125.6,2,281,4.7,121,7,f,0,62.8,273.91865384615386,True
4227,Lovely Apartment in Southwark,Southwark,Private room,Apartment,1.0,1,2,61.15,1,144,4.7,219,7,t,1,30.575,168.37651063829787,True
1878,Lovely Townhouse in Southwark,Southwark,Shared room,Cottage,1.0,2,2,22.46,1,30,4.7,273,9,f,0,11.23,168.37651063829787,True
3291,Lovely Villa in Camden,Camden,Private room,House,1.0,1,2,38.8,2,193,4.7,210,8,f,0,19.4,179.6062203023758,True
3182,Lovely Villa in Hackney,Hackney,Entire home/apt,Cottage,2.0,2,4,99.88,1,89,4.7,105,4,f,0,24.97,136.16683333333333,True
3238,Lovely Studio in Kensington & Chelsea,Kensington & Chelsea,Private room,Loft,2.0,1,4,182.99,1,268,4.7,37,8,f,0,45.7475,273.91865384615386,True
3222,Lovely Townhouse in Camden,Camden,Private room,Townhouse,1.0,3,2,113.51,1,257,4.7,96,8,f,0,56.755,179.6062203023758,True
2018,Lovely Cottage in Southwark,Southwark,Private room,House,1.0,1,2,67.96,1,252,4.7,364,6,f,0,33.98,168.37651063829787,True
3095,Lovely Villa in Lambeth,Lambeth,Shared room,Townhouse,1.0,1,2,44.58,2,93,4.7,224,3,f,0,22.29,145.60616252821671,True
3122,Lovely House in Southwark,Southwark,Private room,House,3.0,1,6,95.1,2,104,4.7,193,9,t,1,15.85,168.37651063829787,True
2883,Lovely Cottage in Hackney,Hackney,Private room,Apartment,1.0,2,2,44.01,3,73,4.7,345,7,f,0,22.005,136.16683333333333,True
3163,Lovely Studio in Wandsworth,Wandsworth,Private room,Apartment,2.0,3,4,95.08,7,46,4.7,78,10,t,1,23.77,166.59628930817613,True
1606,Lovely Cottage in Kensington & Chelsea,Kensington & Chelsea,Private room,Apartment,1.0,1,2,65.42,1,19,4.7,53,4,f,0,32.71,273.91865384615386,True
1923,Lovely Cottage in Islington,Islington,Private room,House,1.0,1,2,67.08,2,168,4.7,22,6,f,0,33.54,193.6383903420523,True
1651,Lovely Cottage in Kensington & Chelsea,Kensington & Chelsea,Private room,Villa,1.0,3,2,122.08,3,270,4.7,225,5,f,0,61.04,273.91865384615386,True
1647,Lovely Townhouse in Greenwich,Greenwich,Private room,House,2.0,1,4,83.4,2,69,4.7,291,8,t,1,20.85,135.88260194174757,True
1628,Lovely Villa in Wandsworth,Wandsworth,Shared room,Apartment,2.0,1,4,98.83,2,143,4.7,344,8,f,0,24.7075,166.59628930817613,True
3089,Lovely Apartment in Islington,Islington,Private room,Villa,5.0,1,10,94.35,2,274,4.7,35,4,f,0,9.434999999999999,193.6383903420523,True
1989,Lovely Apartment in Greenwich,Greenwich,Private room,Loft,1.0,1,2,47.18,1,29,4.7,286,7,f,0,23.59,135.88260194174757,True
1983,Lovely Villa in Tower Hamlets,Tower Hamlets,Shared room,Cottage,1.0,1,2,20.0,5,269,4.7,206,4,f,0,10.0,161.2617610062893,True
2945,Lovely House in Kensington & Chelsea,Kensington & Chelsea,Shared room,Villa,3.0,1,6,172.08,1,38,4.7,166,10,f,0,28.680000000000003,273.91865384615386,True
3054,Lovely Apartment in Wandsworth,Wandsworth,Private room,House,4.0,1,8,82.78,7,299,4.7,293,6,f,0,10.3475,166.59628930817613,True
5208,Lovely Studio in Wandsworth,Wandsworth,Entire home/apt,Loft,1.0,2,2,112.55,1,285,4.7,220,9,f,0,56.275,166.59628930817613,True
5184,Lovely Villa in Tower Hamlets,Tower Hamlets,Private room,Loft,1.0,2,2,20.0,5,296,4.7,256,8,f,0,10.0,161.2617610062893,True
1482,Lovely Villa in Islington,Islington,Entire home/apt,Apartment,2.0,1,4,140.29,3,121,4.7,251,9,f,0,35.0725,193.6383903420523,True
4817,Lovely Villa in Islington,Islington,Private room,House,1.0,1,2,76.72,2,275,4.7,153,3,f,0,38.36,193.6383903420523,True
4821,Lovely Loft in Greenwich,Greenwich,Private room,House,1.0,3,2,40.15,3,144,4.7,334,7,t,1,20.075,135.88260194174757,True
4852,Lovely Apartment in Kensington & Chelsea,Kensington & Chelsea,Private room,House,5.0,3,10,169.35,2,11,4.7,125,6,f,0,16.935,273.91865384615386,True
2128,Lovely Apartment in Islington,Islington,Private room,Loft,2.0,1,4,136.46,3,80,4.7,345,7,f,0,34.115,193.6383903420523,True
5463,Lovely Apartment in Camden,Camden,Private room,House,1.0,3,2,22.46,7,276,4.7,316,3,f,0,11.23,179.6062203023758,True
2936,Lovely Loft in Kensington & Chelsea,Kensington & Chelsea,Private room,House,5.0,3,10,137.88,2,253,4.7,95,7,f,0,13.788,273.91865384615386,True
2061,Lovely Cottage in Kensington & Chelsea,Kensington & Chelsea,Private room,Townhouse,1.0,1,2,119.04,7,52,4.7,346,6,t,1,59.52,273.91865384615386,True
1823,Lovely Cottage in Islington,Islington,Private room,House,2.0,1,4,144.5,1,119,4.7,71,10,f,0,36.125,193.6383903420523,True
3838,Lovely Studio in Greenwich,Greenwich,Private room,Loft,1.0,3,2,90.67,5,262,4.7,287,10,f,0,45.335,135.88260194174757,True
3534,Lovely Townhouse in Lambeth,Lambeth,Entire home/apt,Cottage,1.0,3,2,70.0,7,168,4.7,153,7,f,0,35.0,145.60616252821671,True
4999,Lovely Studio in Westminster,Westminster,Private room,Apartment,4.0,1,8,98.02,1,73,4.7,6,9,f,0,12.2525,238.8116222222222,True
3802,Lovely Villa in Wandsworth,Wandsworth,Private room,House,3.0,2,6,117.92,3,133,4.7,282,4,f,0,19.653333333333332,166.59628930817613,True
3523,Lovely Cottage in Hackney,Hackney,Private room,Loft,1.0,1,2,53.64,2,212,4.7,262,10,f,0,26.82,136.16683333333333,True
1864,Lovely House in Greenwich,Greenwich,Private room,Villa,3.0,1,6,20.0,1,251,4.7,355,3,t,1,3.3333333333333335,135.88260194174757,True
4003,Lovely Loft in Kensington & Chelsea,Kensington & Chelsea,Private room,Studio,1.0,1,2,105.59,1,238,4.7,238,10,f,0,52.795,273.91865384615386,True
3142,Lovely House in Greenwich,Greenwich,Private room,Townhouse,1.0,1,2,100.14,7,113,4.7,36,3,t,1,50.07,135.88260194174757,True
3468,Lovely Townhouse in Tower Hamlets,Tower Hamlets,Private room,Cottage,2.0,2,4,103.42,1,169,4.7,10,4,f,0,25.855,161.2617610062893,True
3743,Lovely Loft in Kensington & Chelsea,Kensington & Chelsea,Private room,House,1.0,2,2,113.94,2,291,4.7,165,4,t,1,56.97,273.91865384615386,True
3759,Lovely Villa in Lambeth,Lambeth,Hotel room,House,1.0,1,2,105.33,2,208,4.7,273,9,f,0,52.665,145.60616252821671,True
3391,Lovely Studio in Camden,Camden,Private room,Loft,1.0,2,2,116.29,1,257,4.7,256,10,f,0,58.145,179.6062203023758,True
1826,Lovely Studio in Southwark,Southwark,Shared room,Studio,4.0,2,8,124.01,2,35,4.7,100,7,t,1,15.50125,168.37651063829787,True
5111,Lovely Apartment in Tower Hamlets,Tower Hamlets,Private room,Cottage,1.0,1,2,42.07,2,198,4.7,355,9,t,1,21.035,161.2617610062893,True
1677,Lovely Apartment in Kensington & Chelsea,Kensington & Chelsea,Private room,Villa,3.0,2,6,123.64,2,37,4.7,307,8,f,0,20.606666666666666,273.91865384615386,True
3852,Lovely Villa in Islington,Islington,Private room,Studio,2.0,2,4,70.41,2,288,4.7,341,9,f,0,17.6025,193.6383903420523,True
4992,Lovely Villa in Greenwich,Greenwich,Entire home/apt,Studio,1.0,1,2,93.98,5,200,4.7,158,7,f,0,46.99,135.88260194174757,True
3609,Lovely Cottage in Lambeth,Lambeth,Shared room,Cottage,1.0,1,2,90.44,2,74,4.7,341,5,f,0,45.22,145.60616252821671,True
3682,Lovely Loft in Lambeth,Lambeth,Private room,Villa,2.0,1,4,97.12,1,280,4.7,346,10,t,1,24.28,145.60616252821671,True
1136,Lovely Studio in Greenwich,Greenwich,Private room,Townhouse,3.0,1,6,78.47,3,131,4.7,73,8,f,0,13.078333333333333,135.88260194174757,True
1133,Lovely Cottage in Greenwich,Greenwich,Private room,Townhouse,2.0,1,4,51.31,2,116,4.7,270,3,f,0,12.8275,135.88260194174757,True
1103,Lovely House in Greenwich,Greenwich,Private room,Cottage,1.0,3,2,53.68,3,81,4.7,112,8,f,0,26.84,135.88260194174757,True
1091,Lovely House in Tower Hamlets,Tower Hamlets,Private room,Studio,1.0,1,2,93.13,5,214,4.7,272,9,f,0,46.565,161.2617610062893,True
2393,Lovely Studio in Camden,Camden,Private room,Villa,1.0,3,2,83.55,1,38,4.7,289,5,f,0,41.775,179.6062203023758,True
2334,Lovely Loft in Westminster,Westminster,Private room,Apartment,1.0,2,2,161.61,2,97,4.7,221,8,f,0,80.805,238.8116222222222,True
1176,Lovely Villa in Southwark,Southwark,Private room,Apartment,1.0,3,2,20.0,1,128,4.7,315,6,t,1,10.0,168.37651063829787,True
1278,Lovely House in Islington,Islington,Private room,Villa,3.0,2,6,107.21,3,76,4.7,90,5,f,0,17.868333333333332,193.6383903420523,True
1253,Lovely Cottage in Greenwich,Greenwich,Shared room,Loft,1.0,1,2,34.29,3,202,4.6,138,7,f,0,17.145,135.88260194174757,True
1250,Lovely Villa in Greenwich,Greenwich,Private room,Cottage,1.0,2,2,90.52,1,54,4.6,348,5,f,0,45.26,135.88260194174757,True
1225,Lovely Villa in Lambeth,Lambeth,Private room,Villa,2.0,2,4,98.99,2,163,4.6,357,9,f,0,24.7475,145.60616252821671,True
2381,Lovely Studio in Hackney,Hackney,Private room,Townhouse,3.0,2,6,43.34,1,264,4.6,64,9,f,0,7.223333333333334,136.16683333333333,True
2378,Lovely Apartment in Wandsworth,Wandsworth,Private room,Villa,1.0,1,2,104.63,2,238,4.6,201,5,f,0,52.315,166.59628930817613,True
2345,Lovely Cottage in Westminster,Westminster,Shared room,Villa,1.0,2,2,68.21,3,16,4.6,169,8,f,0,34.105,238.8116222222222,True
5643,Lovely Apartment in Lambeth,Lambeth,Private room,Cottage,1.0,2,2,80.13,2,222,4.6,132,5,f,0,40.065,145.60616252821671,True
5748,Lovely Loft in Kensington & Chelsea,Kensington & Chelsea,Shared room,Townhouse,2.0,1,4,123.33,1,138,4.6,144,9,t,1,30.8325,273.91865384615386,True
5703,Lovely Villa in Southwark,Southwark,Entire home/apt,Villa,1.0,1,2,98.44,2,268,4.6,264,10,t,1,49.22,168.37651063829787,True
1164,Lovely Villa in Islington,Islington,Private room,Villa,1.0,1,2,99.16,3,148,4.6,134,7,t,1,49.58,193.6383903420523,True
1145,Lovely Townhouse in Wandsworth,Wandsworth,Entire home/apt,Loft,2.0,1,4,104.41,7,54,4.6,117,3,f,0,26.1025,166.59628930817613,True
1101,Lovely Apartment in Camden,Camden,Private room,Studio,1.0,2,2,132.58,5,236,4.6,168,10,f,0,66.29,179.6062203023758,True
4943,Lovely House in Wandsworth,Wandsworth,Private room,House,1.0,2,2,114.84,3,24,4.6,272,5,f,0,57.42,166.59628930817613,True
4901,Lovely Townhouse in Wandsworth,Wandsworth,Entire home/apt,House,2.0,2,4,63.52,1,187,4.6,110,3,f,0,15.88,166.59628930817613,True
4878,Lovely Apartment in Islington,Islington,Private room,Townhouse,1.0,1,2,117.22,1,125,4.6,72,9,f,0,58.61,193.6383903420523,True
1835,Lovely Studio in Tower Hamlets,Tower Hamlets,Private room,House,1.0,2,2,56.13,1,248,4.6,258,8,f,0,28.065,161.2617610062893,True
1817,Lovely House in Hackney,Hackney,Private room,Townhouse,2.0,1,4,97.18,5,247,4.6,291,6,f,0,24.295,136.16683333333333,True
1775,Lovely Apartment in Tower Hamlets,Tower Hamlets,Shared room,Apartment,3.0,2,6,99.86,1,286,4.6,151,8,f,0,16.643333333333334,161.2617610062893,True
3499,Lovely Villa in Westminster,Westminster,Private room,Studio,2.0,1,4,123.68,5,46,4.6,90,6,f,0,30.92,238.8116222222222,True
5177,Lovely House in Hackney,Hackney,Private room,Studio,2.0,2,4,81.61,2,268,4.6,26,7,f,0,20.4025,136.16683333333333,True
5173,Lovely Cottage in Camden,Camden,Shared room,Townhouse,1.0,2,2,59.47,1,267,4.6,1,8,f,0,29.735,179.6062203023758,True
5083,Lovely Loft in Tower Hamlets,Tower Hamlets,Private room,Townhouse,2.0,3,4,106.39,3,69,4.6,85,9,f,0,26.5975,161.2617610062893,True
5024,Lovely Apartment in Camden,Camden,Private room,Loft,2.0,1,4,109.05,1,12,4.6,73,4,t,1,27.2625,179.6062203023758,True
3556,Lovely Apartment in Hackney,Hackney,Private room,Studio,1.0,2,2,35.26,1,192,4.6,144,8,f,0,17.63,136.16683333333333,True
3870,Lovely Townhouse in Greenwich,Greenwich,Shared room,Apartment,1.0,2,2,75.95,2,189,4.6,337,5,f,0,37.975,135.88260194174757,True
3840,Lovely Townhouse in Hackney,Hackney,Private room,House,1.0,3,2,92.49,3,58,4.6,283,3,t,1,46.245,136.16683333333333,True
3828,Lovely Townhouse in Kensington & Chelsea,Kensington & Chelsea,Private room,Apartment,1.0,1,2,182.38,1,232,4.6,292,10,t,1,91.19,273.91865384615386,True
3767,Lovely House in Wandsworth,Wandsworth,Private room,Villa,3.0,1,6,111.56,5,168,4.6,63,6,t,1,18.593333333333334,166.59628930817613,True
3486,Lovely Villa in Greenwich,Greenwich,Shared room,Villa,1.0,1,2,61.17,7,25,4.6,316,9,f,0,30.585,135.88260194174757,True
3445,Lovely Townhouse in Southwark,Southwark,Private room,Studio,3.0,1,6,106.54,2,30,4.6,292,8,f,0,17.756666666666668,168.37651063829787,True
3415,Lovely Loft in Southwark,Southwark,Private room,Cottage,1.0,1,2,60.47,5,254,4.6,360,5,f,0,30.235,168.37651063829787,True
3406,Lovely Townhouse in Islington,Islington,Private room,Apartment,1.0,1,2,122.6,1,33,4.6,232,6,f,0,61.3,193.6383903420523,True
3394,Lovely Villa in Westminster,Westminster,Shared room,Apartment,4.0,1,8,177.02,3,67,4.6,5,4,t,1,22.1275,238.8116222222222,True
3365,Lovely Villa in Westminster,Westminster,Shared room,Loft,5.0,2,10,123.74,7,159,4.6,249,8,f,0,12.373999999999999,238.8116222222222,True
3502,Lovely House in Lambeth,Lambeth,Private room,House,1.0,1,2,93.19,1,24,4.6,26,5,t,1,46.595,145.60616252821671,True
1862,Lovely Studio in Hackney,Hackney,Private room,Cottage,2.0,2,4,55.17,2,115,4.6,45,5,f,0,13.7925,136.16683333333333,True
3731,Lovely Apartment in Islington,Islington,Hotel room,Studio,1.0,2,2,128.09,1,242,4.6,224,9,t,1,64.045,193.6383903420523,True
4142,Lovely Villa in Hackney,Hackney,Private room,House,2.0,1,4,20.0,2,206,4.6,188,8,t,1,5.0,136.16683333333333,True
4061,Lovely Townhouse in Hackney,Hackney,Private room,Apartment,1.0,1,2,85.38,5,198,4.6,26,8,t,1,42.69,136.16683333333333,True
3971,Lovely Villa in Greenwich,Greenwich,Private room,Loft,2.0,1,4,51.79,1,78,4.6,15,9,f,0,12.9475,135.88260194174757,True
3947,Lovely Apartment in Camden,Camden,Private room,Loft,2.0,2,4,37.45,2,25,4.6,145,8,t,1,9.3625,179.6062203023758,True
1676,Lovely Studio in Kensington & Chelsea,Kensington & Chelsea,Private room,House,3.0,1,6,202.27,5,24,4.6,94,9,f,0,33.711666666666666,273.91865384615386,True
3315,Lovely Loft in Lambeth,Lambeth,Private room,House,1.0,1,2,71.14,2,237,4.6,220,9,f,0,35.57,145.60616252821671,True
3205,Lovely Cottage in Kensington & Chelsea,Kensington & Chelsea,Private room,Townhouse,1.0,2,2,116.22,3,38,4.6,295,9,f,0,58.11,273.91865384615386,True
3195,Lovely Apartment in Islington,Islington,Private room,Townhouse,1.0,2,2,72.01,7,158,4.6,227,4,f,0,36.005,193.6383903420523,True
3162,Lovely Studio in Wandsworth,Wandsworth,Private room,Villa,4.0,3,8,123.77,1,38,4.6,242,4,t,1,15.47125,166.59628930817613,True
3156,Lovely Studio in Westminster,Westminster,Private room,Loft,5.0,3,10,104.78,2,171,4.6,97,3,t,1,10.478,238.8116222222222,True
3101,Lovely House in Islington,Islington,Private room,Cottage,2.0,2,4,93.39,2,171,4.6,299,5,f,0,23.3475,193.6383903420523,True
2030,Lovely Studio in Islington,Islington,Shared room,Apartment,1.0,1,2,99.27,2,161,4.6,85,6,t,1,49.635,193.6383903420523,True
2005,Lovely Villa in Lambeth,Lambeth,Private room,Villa,2.0,1,4,62.46,1,232,4.6,290,5,f,0,15.615,145.60616252821671,True
1994,Lovely House in Hackney,Hackney,Private room,Townhouse,1.0,1,2,83.96,2,227,4.6,260,7,f,0,41.98,136.16683333333333,True
1898,Lovely Apartment in Camden,Camden,Private room,Villa,2.0,1,4,106.86,1,221,4.6,240,5,t,1,26.715,179.6062203023758,True
1892,Lovely Apartment in Greenwich,Greenwich,Private room,Cottage,2.0,1,4,70.79,2,38,4.6,132,6,f,0,17.6975,135.88260194174757,True
1648,Lovely Townhouse in Islington,Islington,Entire home/apt,Apartment,1.0,2,2,104.75,3,59,4.6,58,3,f,0,52.375,193.6383903420523,True
1575,Lovely Villa in Kensington & Chelsea,Kensington & Chelsea,Private room,Studio,1.0,1,2,147.56,2,176,4.6,174,9,f,0,73.78,273.91865384615386,True
1561,Lovely Villa in Hackney,Hackney,Private room,Studio,1.0,1,2,61.9,2,112,4.6,64,7,t,1,30.95,136.16683333333333,True
1537,Lovely Loft in Kensington & Chelsea,Kensington & Chelsea,Private room,House,1.0,1,2,131.47,1,207,4.6,310,10,f,0,65.735,273.91865384615386,True
1488,Lovely Cottage in Wandsworth,Wandsworth,Private room,Studio,2.0,3,4,123.04,2,56,4.6,4,10,f,0,30.76,166.59628930817613,True
4866,Lovely House in Tower Hamlets,Tower Hamlets,Private room,Cottage,1.0,1,2,99.6,5,196,4.6,234,9,t,1,49.8,161.2617610062893,True
5262,Lovely Studio in Islington,Islington,Private room,Villa,1.0,2,2,104.65,2,223,4.6,356,9,f,0,52.325,193.6383903420523,True
5260,Lovely Townhouse in Kensington & Chelsea,Kensington & Chelsea,Private room,Apartment,4.0,2,8,164.39,1,188,4.6,274,6,f,0,20.54875,273.91865384615386,True
3057,Lovely Apartment in Westminster,Westminster,Private room,Apartment,2.0,1,4,167.97,7,73,4.6,9,9,f,0,41.9925,238.8116222222222,True
3032,Lovely House in Westminster,Westminster,Private room,Cottage,1.0,3,2,79.41,2,140,4.6,41,7,f,0,39.705,238.8116222222222,True
3000,Lovely Apartment in Camden,Camden,Shared room,Townhouse,1.0,2,2,20.0,5,253,4.6,243,8,f,0,10.0,179.6062203023758,True
2930,Lovely Villa in Camden,Camden,Entire home/apt,House,2.0,3,4,127.83,1,296,4.6,24,3,f,0,31.9575,179.6062203023758,True
2928,Lovely Loft in Wandsworth,Wandsworth,Private room,Apartment,4.0,2,8,24.67,7,77,4.6,138,5,f,0,3.08375,166.59628930817613,True
1438,Lovely Apartment in Hackney,Hackney,Private room,Apartment,2.0,1,4,73.36,2,188,4.6,143,3,f,0,18.34,136.16683333333333,True
4561,Lovely House in Hackney,Hackney,Shared room,Villa,4.0,1,8,99.98,5,75,4.6,251,6,t,1,12.4975,136.16683333333333,True
4442,Lovely House in Kensington & Chelsea,Kensington & Chelsea,Shared room,House,3.0,1,6,148.79,3,65,4.6,323,8,f,0,24.798333333333332,273.91865384615386,True
4305,Lovely Loft in Hackney,Hackney,Private room,Townhouse,3.0,1,6,65.45,3,131,4.6,153,7,f,0,10.908333333333333,136.16683333333333,True
1375,Lovely Townhouse in Camden,Camden,Shared room,Villa,1.0,1,2,88.71,2,268,4.6,347,8,f,0,44.355,179.6062203023758,True
2879,Lovely House in Kensington & Chelsea,Kensington & Chelsea,Private room,Townhouse,2.0,1,4,171.54,1,296,4.6,11,4,t,1,42.885,273.91865384615386,True
2846,Lovely Cottage in Wandsworth,Wandsworth,Shared room,Cottage,2.0,1,4,124.88,2,186,4.6,291,8,f,0,31.22,166.59628930817613,True
2836,Lovely Villa in Hackney,Hackney,Entire home/apt,Loft,3.0,1,6,101.21,7,199,4.6,298,6,f,0,16.868333333333332,136.16683333333333,True
2149,Lovely Cottage in Lambeth,Lambeth,Private room,House,1.0,1,2,51.03,1,219,4.6,76,6,t,1,25.515,145.60616252821671,True
2048,Lovely Loft in Islington,Islington,Private room,Studio,4.0,1,8,81.17,1,28,4.6,278,7,f,0,10.14625,193.6383903420523,True
2778,Lovely Villa in Camden,Camden,Private room,Villa,2.0,1,4,131.43,2,64,4.6,305,4,f,0,32.8575,179.6062203023758,True
5420,Lovely Villa in Kensington & Chelsea,Kensington & Chelsea,Private room,House,2.0,1,4,182.07,2,77,4.6,317,10,f,0,45.5175,273.91865384615386,True
5360,Lovely Cottage in Westminster,Westminster,Private room,Loft,2.0,2,4,119.56,5,147,4.6,103,6,f,0,29.89,238.8116222222222,True
2446,Lovely Loft in Westminster,Westminster,Shared room,Townhouse,2.0,2,4,139.67,2,178,4.6,299,7,f,0,34.9175,238.8116222222222,True
2719,Lovely Cottage in Southwark,Southwark,Private room,Loft,1.0,3,2,92.94,2,195,4.6,303,10,f,0,46.47,168.37651063829787,True
2655,Lovely Studio in Greenwich,Greenwich,Private room,House,3.0,1,6,58.63,1,169,4.6,320,6,f,0,9.771666666666667,135.88260194174757,True
2654,Lovely House in Islington,Islington,Hotel room,Studio,3.0,3,6,72.08,3,293,4.6,194,8,f,0,12.013333333333334,193.6383903420523,True
2650,Lovely Loft in Tower Hamlets,Tower Hamlets,Private room,Studio,1.0,2,2,20.0,2,35,4.6,138,4,t,1,10.0,161.2617610062893,True
2265,Lovely Villa in Tower Hamlets,Tower Hamlets,Private room,Cottage,1.0,2,2,88.23,2,238,4.6,259,4,f,0,44.115,161.2617610062893,True
2209,Lovely Apartment in Lambeth,Lambeth,Private room,Studio,1.0,1,2,66.15,5,252,4.6,99,6,f,0,33.075,145.60616252821671,True
2194,Lovely Cottage in Camden,Camden,Private room,House,1.0,1,2,126.61,3,31,4.6,233,9,f,0,63.305,179.6062203023758,True
2636,Lovely Townhouse in Tower Hamlets,Tower Hamlets,Shared room,Apartment,3.0,1,6,29.86,3,180,4.6,314,9,f,0,4.976666666666667,161.2617610062893,True
2539,Lovely Apartment in Tower Hamlets,Tower Hamlets,Shared room,House,1.0,3,2,93.26,2,126,4.6,72,7,f,0,46.63,161.2617610062893,True
2519,Lovely Studio in Camden,Camden,Entire home/apt,Apartment,1.0,1,2,108.4,3,217,4.6,316,5,t,1,54.2,179.6062203023758,True
1366,Lovely Apartment in Tower Hamlets,Tower Hamlets,Private room,Cottage,2.0,1,4,112.92,5,205,4.6,316,10,f,0,28.23,161.2617610062893,True
4771,Lovely House in Tower Hamlets,Tower Hamlets,Private room,Apartment,2.0,2,4,101.65,5,251,4.6,140,10,f,0,25.4125,161.2617610062893,True
4622,Lovely Townhouse in Wandsworth,Wandsworth,Private room,Villa,2.0,1,4,85.4,1,33,4.6,316,5,f,0,21.35,166.59628930817613,True
4610,Lovely Loft in Islington,Islington,Private room,Apartment,1.0,1,2,91.22,2,293,4.6,228,4,f,0,45.61,193.6383903420523,True
1301,Lovely Villa in Kensington & Chelsea,Kensington & Chelsea,Private room,Cottage,2.0,1,4,146.47,1,231,4.6,175,9,f,0,36.6175,273.91865384615386,True
5489,Lovely Cottage in Kensington & Chelsea,Kensington & Chelsea,Shared room,Cottage,2.0,3,4,143.02,3,157,4.6,109,6,f,0,35.755,273.91865384615386,True
1057,Lovely House in Wandsworth,Wandsworth,Private room,Townhouse,2.0,2,4,113.75,3,66,4.5,235,4,t,1,28.4375,166.59628930817613,True
1059,Lovely Loft in Lambeth,Lambeth,Private room,Studio,1.0,1,2,75.92,5,39,4.5,133,10,f,0,37.96,145.60616252821671,True
1150,Lovely Cottage in Westminster,Westminster,Private room,House,3.0,1,6,178.21,2,24,4.5,78,4,f,0,29.701666666666668,238.8116222222222,True
5519,Lovely Townhouse in Camden,Camden,Private room,Cottage,1.0,3,2,111.69,3,47,4.5,236,6,t,1,55.845,179.6062203023758,True
5533,Lovely Cottage in Hackney,Hackney,Private room,Cottage,2.0,2,4,54.89,3,214,4.5,84,5,f,0,13.7225,136.16683333333333,True
5550,Lovely Loft in Southwark,Southwark,Private room,Townhouse,1.0,2,2,123.29,1,21,4.5,221,7,f,0,61.645,168.37651063829787,True
5642,Lovely Apartment in Westminster,Westminster,Private room,Cottage,1.0,2,2,161.98,2,124,4.5,223,3,f,0,80.99,238.8116222222222,True
5979,Lovely Villa in Camden,Camden,Private room,Cottage,2.0,1,4,64.59,5,70,4.5,217,5,f,0,16.1475,179.6062203023758,True
4606,Lovely Cottage in Camden,Camden,Entire home/apt,Studio,1.0,1,2,124.36,7,206,4.5,97,7,f,0,62.18,179.6062203023758,True
4659,Lovely Cottage in Lambeth,Lambeth,Shared room,Studio,1.0,1,2,35.85,5,80,4.5,62,3,f,0,17.925,145.60616252821671,True
4682,Lovely Studio in Islington,Islington,Private room,House,1.0,1,2,94.33,3,49,4.5,68,6,f,0,47.165,193.6383903420523,True
4683,Lovely Cottage in Tower Hamlets,Tower Hamlets,Private room,Apartment,1.0,1,2,20.0,1,281,4.5,219,7,t,1,10.0,161.2617610062893,True
4759,Lovely Villa in Camden,Camden,Private room,Villa,5.0,2,10,132.89,1,177,4.5,97,5,t,1,13.288999999999998,179.6062203023758,True
4440,Lovely Townhouse in Islington,Islington,Hotel room,Apartment,2.0,1,4,108.54,1,219,4.5,216,3,t,1,27.135,193.6383903420523,True
4501,Lovely Apartment in Camden,Camden,Private room,Apartment,1.0,1,2,81.0,3,238,4.5,92,6,f,0,40.5,179.6062203023758,True
4508,Lovely Loft in Tower Hamlets,Tower Hamlets,Private room,Studio,2.0,1,4,76.22,2,159,4.5,131,6,t,1,19.055,161.2617610062893,True
4531,Lovely Villa in Lambeth,Lambeth,Shared room,Cottage,2.0,1,4,76.76,5,39,4.5,81,10,f,0,19.19,145.60616252821671,True
4578,Lovely Cottage in Westminster,Westminster,Private room,Townhouse,2.0,2,4,20.0,1,136,4.5,182,6,f,0,5.0,238.8116222222222,True
1394,Lovely Villa in Hackney,Hackney,Private room,Cottage,1.0,2,2,63.24,3,97,4.5,309,10,t,1,31.62,136.16683333333333,True
1396,Lovely Townhouse in Islington,Islington,Private room,Studio,4.0,1,8,107.93,3,224,4.5,87,9,f,0,13.49125,193.6383903420523,True
1404,Lovely Loft in Camden,Camden,Shared room,Apartment,1.0,1,2,105.82,5,140,4.5,129,4,f,0,52.91,179.6062203023758,True
1466,Lovely House in Hackney,Hackney,Shared room,Apartment,1.0,1,2,20.0,7,194,4.5,123,8,t,1,10.0,136.16683333333333,True
1478,Lovely Villa in Westminster,Westminster,Private room,House,1.0,1,2,20.0,5,95,4.5,26,6,f,0,10.0,238.8116222222222,True
1479,Lovely Townhouse in Islington,Islington,Private room,Apartment,1.0,1,2,108.41,5,253,4.5,199,6,f,0,54.205,193.6383903420523,True
4850,Lovely Studio in Lambeth,Lambeth,Shared room,Villa,2.0,2,4,23.4,5,206,4.5,141,10,t,1,5.85,145.60616252821671,True
1661,Lovely Cottage in Camden,Camden,Private room,House,2.0,2,4,77.1,1,73,4.5,0,10,f,0,19.275,179.6062203023758,True
3875,Lovely Cottage in Westminster,Westminster,Hotel room,Apartment,2.0,2,4,109.03,7,203,4.5,76,7,f,0,27.2575,238.8116222222222,True
3892,Lovely Studio in Greenwich,Greenwich,Private room,Townhouse,2.0,2,4,61.48,3,157,4.5,237,6,f,0,15.37,135.88260194174757,True
3957,Lovely Cottage in Westminster,Westminster,Private room,Loft,1.0,1,2,60.75,1,283,4.5,175,6,f,0,30.375,238.8116222222222,True
4055,Lovely Loft in Tower Hamlets,Tower Hamlets,Private room,House,1.0,1,2,73.48,1,83,4.5,46,7,f,0,36.74,161.2617610062893,True
4098,Lovely Cottage in Wandsworth,Wandsworth,Private room,Studio,3.0,2,6,88.96,2,96,4.5,30,10,f,0,14.826666666666666,166.59628930817613,True
3833,Lovely Townhouse in Tower Hamlets,Tower Hamlets,Private room,Cottage,5.0,2,10,117.49,2,190,4.5,325,3,f,0,11.748999999999999,161.2617610062893,True
3841,Lovely House in Camden,Camden,Private room,Studio,1.0,1,2,91.17,5,86,4.5,59,7,f,0,45.585,179.6062203023758,True
3864,Lovely House in Islington,Islington,Private room,House,2.0,1,4,117.36,2,114,4.5,305,9,t,1,29.34,193.6383903420523,True
3555,Lovely Cottage in Wandsworth,Wandsworth,Private room,Loft,4.0,1,8,92.31,1,117,4.5,200,10,t,1,11.53875,166.59628930817613,True
3668,Lovely Villa in Islington,Islington,Private room,Studio,2.0,1,4,131.24,5,157,4.5,323,10,t,1,32.81,193.6383903420523,True
4915,Lovely Cottage in Southwark,Southwark,Private room,Villa,1.0,3,2,20.0,2,142,4.5,12,6,f,0,10.0,168.37651063829787,True
4980,Lovely Villa in Hackney,Hackney,Private room,Loft,1.0,1,2,87.27,5,26,4.5,316,9,t,1,43.635,136.16683333333333,True
1727,Lovely Studio in Westminster,Westminster,Private room,Studio,3.0,1,6,146.88,1,118,4.5,311,8,f,0,24.48,238.8116222222222,True
1796,Lovely Apartment in Greenwich,Greenwich,Private room,Apartment,1.0,1,2,101.09,3,200,4.5,136,7,f,0,50.545,135.88260194174757,True
1829,Lovely Apartment in Southwark,Southwark,Private room,Cottage,1.0,3,2,101.81,1,206,4.5,351,10,t,1,50.905,168.37651063829787,True
3515,Lovely House in Kensington & Chelsea,Kensington & Chelsea,Private room,Villa,1.0,1,2,103.35,1,142,4.5,162,8,f,0,51.675,273.91865384615386,True
3332,Lovely Studio in Kensington & Chelsea,Kensington & Chelsea,Hotel room,House,3.0,1,6,161.27,2,150,4.5,171,3,f,0,26.878333333333334,273.91865384615386,True
3353,Lovely Loft in Lambeth,Lambeth,Private room,Studio,1.0,1,2,77.25,1,168,4.5,87,9,t,1,38.625,145.60616252821671,True
3404,Lovely Cottage in Greenwich,Greenwich,Private room,Apartment,1.0,3,2,43.91,3,152,4.5,74,5,t,1,21.955,135.88260194174757,True
3434,Lovely Loft in Westminster,Westminster,Private room,Loft,1.0,2,2,59.34,1,188,4.5,105,8,f,0,29.67,238.8116222222222,True
3472,Lovely Studio in Kensington & Chelsea,Kensington & Chelsea,Private room,House,1.0,2,2,79.47,3,30,4.5,301,4,f,0,39.735,273.91865384615386,True
3480,Lovely Cottage in Southwark,Southwark,Private room,Cottage,1.0,2,2,117.73,2,30,4.5,156,8,t,1,58.865,168.37651063829787,True
2896,Lovely Villa in Tower Hamlets,Tower Hamlets,Private room,House,2.0,1,4,94.39,3,296,4.5,251,6,t,1,23.5975,161.2617610062893,True
2897,Lovely Villa in Wandsworth,Wandsworth,Private room,Loft,1.0,1,2,40.86,5,178,4.5,197,3,f,0,20.43,166.59628930817613,True
5195,Lovely Villa in Tower Hamlets,Tower Hamlets,Private room,Townhouse,4.0,2,8,104.7,2,213,4.5,333,8,f,0,13.0875,161.2617610062893,True
5285,Lovely Studio in Westminster,Westminster,Private room,Apartment,3.0,1,6,136.84,2,143,4.5,96,4,f,0,22.80666666666667,238.8116222222222,True
5353,Lovely Studio in Islington,Islington,Private room,Townhouse,3.0,1,6,114.51,5,91,4.5,152,5,t,1,19.085,193.6383903420523,True
5382,Lovely Cottage in Camden,Camden,Shared room,House,2.0,1,4,77.62,2,263,4.5,42,10,f,0,19.405,179.6062203023758,True
5444,Lovely Apartment in Camden,Camden,Private room,Studio,4.0,1,8,118.01,2,295,4.5,256,3,f,0,14.75125,179.6062203023758,True
5459,Lovely Loft in Hackney,Hackney,Private room,House,1.0,2,2,84.76,1,105,4.5,227,5,f,0,42.38,136.16683333333333,True
2775,Lovely House in Islington,Islington,Private room,House,2.0,2,4,79.25,1,144,4.5,322,5,f,0,19.8125,193.6383903420523,True
2786,Lovely Studio in Tower Hamlets,Tower Hamlets,Private room,Townhouse,1.0,2,2,66.22,1,71,4.5,356,7,f,0,33.11,161.2617610062893,True
2044,Lovely Studio in Hackney,Hackney,Private room,Apartment,1.0,1,2,86.03,3,50,4.5,154,3,t,1,43.015,136.16683333333333,True
2132,Lovely Apartment in Tower Hamlets,Tower Hamlets,Private room,Cottage,3.0,1,6,77.34,3,121,4.5,164,4,f,0,12.89,161.2617610062893,True
2135,Lovely Cottage in Westminster,Westminster,Private room,Villa,1.0,3,2,89.51,7,82,4.5,352,4,t,1,44.755,238.8116222222222,True
2166,Lovely Cottage in Lambeth,Lambeth,Private room,Studio,2.0,2,4,52.78,5,245,4.5,108,9,f,0,13.195,145.60616252821671,True
2271,Lovely Townhouse in Camden,Camden,Private room,Apartment,1.0,1,2,129.35,3,268,4.5,136,10,f,0,64.675,179.6062203023758,True
2288,Lovely Villa in Kensington & Chelsea,Kensington & Chelsea,Shared room,Townhouse,1.0,1,2,46.8,2,280,4.5,18,3,f,0,23.4,273.91865384615386,True
2653,Lovely Apartment in Tower Hamlets,Tower Hamlets,Private room,Loft,1.0,3,2,67.22,3,238,4.5,360,10,f,0,33.61,161.2617610062893,True
2398,Lovely Studio in Hackney,Hackney,Private room,House,2.0,2,4,67.35,1,26,4.5,56,6,f,0,16.8375,136.16683333333333,True
2478,Lovely Apartment in Lambeth,Lambeth,Shared room,Loft,4.0,1,8,75.74,1,265,4.5,170,5,f,0,9.4675,145.60616252821671,True
5777,Lovely Cottage in Hackney,Hackney,Private room,Studio,1.0,1,2,82.55,1,293,4.5,306,3,t,1,41.275,136.16683333333333,True
2311,Lovely Cottage in Hackney,Hackney,Private room,Studio,2.0,2,4,94.77,2,174,4.5,140,8,f,0,23.6925,136.16683333333333,True
1247,Lovely Studio in Kensington & Chelsea,Kensington & Chelsea,Private room,Cottage,1.0,3,2,172.84,2,271,4.5,18,6,t,1,86.42,273.91865384615386,True
1296,Lovely House in Southwark,Southwark,Private room,Cottage,4.0,2,8,107.83,2,276,4.5,61,6,t,1,13.47875,168.37651063829787,True
1306,Lovely Villa in Lambeth,Lambeth,Shared room,House,1.0,1,2,54.69,3,58,4.5,320,3,f,0,27.345,145.60616252821671,True
5498,Lovely Villa in Camden,Camden,Private room,Studio,1.0,2,2,115.78,2,206,4.5,70,8,t,1,57.89,179.6062203023758,True
